state_2019,state_pc_2019,pc_name_2019,tota_votes_2019,total_electors_2019,vtr_2019
Andaman & Nicobar Islands,AN-Andaman & Nicobar Islands,Andaman & Nicobar Islands,207296,318471,65.09
Andhra Pradesh,AP-Amalapuram ,Amalapuram ,1232895,1459556,84.47
Andhra Pradesh,AP-Anakapalli,Anakapalli,1238491,1521363,81.41
Andhra Pradesh,AP-Anantapur,Anantapur,1342306,1664160,80.66
Andhra Pradesh,AP-Aruku ,Aruku ,1074538,1451418,74.03
Andhra Pradesh,AP-Bapatla ,Bapatla ,1266492,1468671,86.23
Andhra Pradesh,AP-Chittoor ,Chittoor ,1319472,1566499,84.23
Andhra Pradesh,AP-Eluru ,Eluru ,1327923,1594950,83.26
Andhra Pradesh,AP-Guntur,Guntur,1351474,1706119,79.21
Andhra Pradesh,AP-Hindupur,Hindupur,1338514,1578218,84.81
Andhra Pradesh,AP-Kadapa,Kadapa,1228242,1570330,78.22
Andhra Pradesh,AP-Kakinada,Kakinada,1234655,1563930,78.95
Andhra Pradesh,AP-Kurnool,Kurnool,1188327,1573009,75.54
Andhra Pradesh,AP-Machilipatnam ,Machilipatnam ,1244570,1473347,84.47
Andhra Pradesh,AP-Nandyal,Nandyal,1299093,1603220,81.03
Andhra Pradesh,AP-Narasaraopet,Narasaraopet,1437420,1670391,86.05
Andhra Pradesh,AP-Narsapuram,Narsapuram,1177738,1439691,81.80
Andhra Pradesh,AP-Nellore,Nellore,1287036,1672845,76.94
Andhra Pradesh,AP-Ongole ,Ongole ,1342368,1556469,86.24
Andhra Pradesh,AP-Rajahmundry,Rajahmundry,1250427,1534256,81.50
Andhra Pradesh,AP-Rajampet,Rajampet,1224354,1546938,79.15
Andhra Pradesh,AP-Srikakulam,Srikakulam,1157329,1553860,74.48
Andhra Pradesh,AP-Tirupati ,Tirupati ,1313515,1650453,79.59
Andhra Pradesh,AP-Vijayawada,Vijayawada,1277711,1652994,77.30
Andhra Pradesh,AP-Visakhapatnam,Visakhapatnam,1239754,1829300,67.77
Andhra Pradesh,AP-Vizianagaram,Vizianagaram,1217890,1503980,80.98
Arunachal Pradesh,AR-Arunachal East,Arunachal East,293781,339788,86.46
Arunachal Pradesh,AR-Arunachal West,Arunachal West,358310,463775,77.26
Assam,AS-Autonomous District,Autonomous District,617735,795945,77.61
Assam,AS-Barpeta,Barpeta,1458549,1685149,86.55
Assam,AS-Dhubri,Dhubri,1685005,1858566,90.66
Assam,AS-Dibrugarh,Dibrugarh,1015748,1314319,77.28
Assam,AS-Gauhati,Gauhati,1763757,2181319,80.86
Assam,AS-Jorhat,Jorhat,1057965,1365035,77.50
Assam,AS-Kaliabor,Kaliabor,1424687,1734938,82.12
Assam,AS-Karimganj ,Karimganj ,1060072,1340173,79.10
Assam,AS-Kokrajhar,Kokrajhar,1479485,1776358,83.29
Assam,AS-Lakhimpur,Lakhimpur,1283589,1708013,75.15
Assam,AS-Mangaldoi,Mangaldoi,1506107,1800237,83.66
Assam,AS-Nowgong,Nowgong,1493475,1794648,83.22
Assam,AS-Silchar,Silchar,949696,1195720,79.42
Assam,AS-Tezpur,Tezpur,1190196,1499639,79.37
Bihar,BR-Araria,Araria,1169630,1805439,64.78
Bihar,BR-Arrah,Arrah,1080684,2089353,51.72
Bihar,BR-Aurangabad,Aurangabad,934901,1742883,53.64
Bihar,BR-Banka,Banka,995806,1699394,58.60
Bihar,BR-Begusarai,Begusarai,1225594,1958382,62.58
Bihar,BR-Bhagalpur,Bhagalpur,1042518,1823820,57.16
Bihar,BR-Buxar,Buxar,986861,1829373,53.95
Bihar,BR-Darbhanga,Darbhanga,964996,1654811,58.31
Bihar,BR-Gaya (Sc),Gaya (Sc),957248,1704596,56.16
Bihar,BR-Gopalganj (Sc),Gopalganj (Sc),1024876,1839514,55.71
Bihar,BR-Hajipur (Sc),Hajipur (Sc),1006817,1823664,55.21
Bihar,BR-Jahanabad,Jahanabad,822065,1588454,51.75
Bihar,BR-Jamui (Sc),Jamui (Sc),949137,1718814,55.22
Bihar,BR-Jhanjharpur,Jhanjharpur,1060562,1852417,57.25
Bihar,BR-Karakat,Karakat,868798,1771254,49.05
Bihar,BR-Katihar,Katihar,1117734,1653353,67.60
Bihar,BR-Khagaria,Khagaria,966813,1676454,57.67
Bihar,BR-Kishanganj,Kishanganj,1101603,1659651,66.38
Bihar,BR-Madhepura,Madhepura,1147274,1884883,60.87
Bihar,BR-Madhubani,Madhubani,963708,1792798,53.75
Bihar,BR-Maharajganj,Maharajganj,972703,1807768,53.81
Bihar,BR-Munger,Munger,1036268,1888025,54.89
Bihar,BR-Muzaffarpur,Muzaffarpur,1058086,1730553,61.14
Bihar,BR-Nalanda,Nalanda,1031286,2114809,48.76
Bihar,BR-Nawada,Nawada,942462,1899747,49.61
Bihar,BR-Paschim Champaran,Paschim Champaran,1012936,1633824,62.00
Bihar,BR-Pataliputra,Pataliputra,1077749,1925479,55.97
Bihar,BR-Patna Sahib,Patna Sahib,982285,2146008,45.77
Bihar,BR-Purnia,Purnia,1153940,1765312,65.37
Bihar,BR-Purvi Champaran,Purvi Champaran,999400,1658672,60.25
Bihar,BR-Samastipur (Sc),Samastipur (Sc),1019025,1679030,60.69
Bihar,BR-Saran,Saran,943020,1667253,56.56
Bihar,BR-Sasaram (Sc),Sasaram (Sc),974749,1787878,54.52
Bihar,BR-Sheohar,Sheohar,1004559,1686215,59.57
Bihar,BR-Sitamarhi,Sitamarhi,1038849,1752454,59.28
Bihar,BR-Siwan,Siwan,984810,1799551,54.73
Bihar,BR-Supaul,Supaul,1110805,1690620,65.70
Bihar,BR-Ujiarpur,Ujiarpur,969284,1612300,60.12
Bihar,BR-Vaishali,Vaishali,1074730,1735983,61.91
Bihar,BR-Valmiki Nagar,Valmiki Nagar,1032090,1665502,61.97
Chandigarh,CH-Chandigarh,Chandigarh,456568,646729,70.60
Chhattisgarh,CT-Bastar,Bastar,912846,1379122,66.19
Chhattisgarh,CT-Bilaspur,Bilaspur,1209434,1876953,64.44
Chhattisgarh,CT-Durg,Durg,1391996,1940269,71.74
Chhattisgarh,CT-Janjgir-Champa,Janjgir-Champa,1247650,1897134,65.76
Chhattisgarh,CT-Kanker,Kanker,1159193,1558952,74.36
Chhattisgarh,CT-Korba,Korba,1136903,1508840,75.35
Chhattisgarh,CT-Mahasamund,Mahasamund,1222335,1637951,74.63
Chhattisgarh,CT-Raigarh,Raigarh,1350124,1733805,77.87
Chhattisgarh,CT-Raipur,Raipur,1396250,2111738,66.12
Chhattisgarh,CT-Rajnandgaon,Rajnandgaon,1307033,1716459,76.15
Chhattisgarh,CT-Sarguja,Sarguja,1280689,1655239,77.37
Daman & Diu,DD-Daman & Diu,Daman & Diu,87469,121740,71.85
NCT OF Delhi,DL-Chandni Chowk                 ,Chandni Chowk                 ,980390,1562283,62.75
NCT OF Delhi,DL-East Delhi                    ,East Delhi                    ,1257821,2039302,61.68
NCT OF Delhi,DL-New Delhi                     ,New Delhi                     ,920541,1617470,56.91
NCT OF Delhi,DL-North East Delhi              ,North East Delhi              ,1461475,2290492,63.81
NCT OF Delhi,DL-North West Delhi              ,North West Delhi              ,1402962,2378995,58.97
NCT OF Delhi,DL-South Delhi                   ,South Delhi                   ,1214222,2067463,58.73
NCT OF Delhi,DL-West Delhi                    ,West Delhi                    ,1441601,2371644,60.78
Dadra & Nagar Haveli,DN-Dadra And Nagar Haveli,Dadra And Nagar Haveli,198983,250029,79.58
Goa,GA-North Goa,North Goa,428628,556761,76.99
Goa,GA-South Goa,South Goa,424575,579352,73.28
Gujarat,GJ-Ahmedabad East,Ahmedabad East,1116367,1811851,61.61
Gujarat,GJ-Ahmedabad West,Ahmedabad West,997024,1643317,60.67
Gujarat,GJ-Amreli,Amreli,909167,1628451,55.83
Gujarat,GJ-Anand,Anand,1108661,1655870,66.95
Gujarat,GJ-Banaskantha,Banaskantha,1102081,1697384,64.93
Gujarat,GJ-Bardoli,Bardoli,1348038,1826526,73.80
Gujarat,GJ-Bharuch,Bharuch,1149725,1564519,73.49
Gujarat,GJ-Bhavnagar,Bhavnagar,1041279,1768297,58.89
Gujarat,GJ-Chhota Udaipur,Chhota Udaipur,1232459,1671253,73.74
Gujarat,GJ-Dahod,Dahod,1063212,1598939,66.49
Gujarat,GJ-Gandhinagar,Gandhinagar,1284090,1945772,65.99
Gujarat,GJ-Jamnagar,Jamnagar,1010965,1657166,61.01
Gujarat,GJ-Junagadh,Junagadh,1004743,1642864,61.16
Gujarat,GJ-Kachchh,Kachchh,1023198,1744321,58.66
Gujarat,GJ-Kheda,Kheda,1098633,1804028,60.90
Gujarat,GJ-Mahesana,Mahesana,1081938,1648869,65.62
Gujarat,GJ-Navsari,Navsari,1308018,1971658,66.34
Gujarat,GJ-Panchmahal,Panchmahal,1083676,1744762,62.11
Gujarat,GJ-Patan,Patan,1126256,1807043,62.33
Gujarat,GJ-Porbandar,Porbandar,949947,1662368,57.14
Gujarat,GJ-Rajkot,Rajkot,1195271,1884339,63.43
Gujarat,GJ-Sabarkantha,Sabarkantha,1218353,1801717,67.62
Gujarat,GJ-Surat,Surat,1068412,1655704,64.53
Gujarat,GJ-Surendranagar,Surendranagar,1077726,1849429,58.27
Gujarat,GJ-Vadodara,Vadodara,1222348,1794896,68.10
Gujarat,GJ-Valsad,Valsad,1260377,1671030,75.43
Himachal Pradesh,HP-Hamirpur,Hamirpur,988765,1362269,72.58
Himachal Pradesh,HP-Kangra,Kangra,1006989,1427338,70.55
Himachal Pradesh,HP-Mandi,Mandi,941371,1281462,73.46
Himachal Pradesh,HP-Shimla,Shimla,913607,1259085,72.56
Haryana,HR-Ambala,Ambala,1316235,1853711,71.01
Haryana,HR-Bhiwani-Mahendragarh,Bhiwani-Mahendragarh,1161115,1654317,70.19
Haryana,HR-Faridabad,Faridabad,1327295,2071816,64.06
Haryana,HR-Gurgaon,Gurgaon,1446509,2150728,67.26
Haryana,HR-Hisar,Hisar,1179869,1631817,72.30
Haryana,HR-Karnal,Karnal,1300722,1904193,68.31
Haryana,HR-Kurukshetra,Kurukshetra,1230202,1657335,74.23
Haryana,HR-Rohtak,Rohtak,1220571,1737133,70.26
Haryana,HR-Sirsa,Sirsa,1369486,1803349,75.94
Haryana,HR-Sonipat,Sonipat,1129532,1592611,70.92
Jharkhand,JH-Chatra,Chatra,925937,1425218,64.97
Jharkhand,JH-Dhanbad,Dhanbad,1252817,2072634,60.45
Jharkhand,JH-Dumka,Dumka,1025968,1397253,73.43
Jharkhand,JH-Giridih,Giridih,1106918,1649413,67.11
Jharkhand,JH-Godda,Godda,1194036,1716766,69.55
Jharkhand,JH-Hazaribagh,Hazaribagh,1080929,1667465,64.82
Jharkhand,JH-Jamshedpur,Jamshedpur,1144226,1703279,67.18
Jharkhand,JH-Khunti,Khunti,832377,1202664,69.21
Jharkhand,JH-Kodarma,Kodarma,1209541,1814125,66.67
Jharkhand,JH-Lohardaga,Lohardaga,817550,1234286,66.24
Jharkhand,JH-Palamau,Palamau,1209747,1881441,64.30
Jharkhand,JH-Rajmahal,Rajmahal,1047657,1454436,72.03
Jharkhand,JH-Ranchi,Ranchi,1234926,1915959,64.45
Jharkhand,JH-Singhbhum,Singhbhum,879329,1269917,69.24
Jammu & Kashmir,JK-Anantnag,Anantnag,124896,1397779,8.94
Jammu & Kashmir,JK-Baramulla,Baramulla,455550,1317738,34.57
Jammu & Kashmir,JK-Jammu,Jammu,1478795,2047302,72.23
Jammu & Kashmir,JK-Ladakh,Ladakh,126426,179232,70.54
Jammu & Kashmir,JK-Srinagar,Srinagar,186832,1294671,14.43
Jammu & Kashmir,JK-Udhampur,Udhampur,1180123,1685816,70.00
Karnataka,KA-Bagalkot,Bagalkot,1204613,1704010,70.69
Karnataka,KA-Bangalore Central,Bangalore Central,1197234,2204817,54.30
Karnataka,KA-Bangalore North,Bangalore North,1559459,2849250,54.73
Karnataka,KA-Bangalore Rural,Bangalore Rural,1621906,2497458,64.94
Karnataka,KA-Bangalore South,Bangalore South,1188491,2215489,53.64
Karnataka,KA-Belgaum,Belgaum,1205229,1779350,67.73
Karnataka,KA-Bellary,Bellary,1221926,1751734,69.76
Karnataka,KA-Bidar,Bidar,1117167,1775095,62.94
Karnataka,KA-Bijapur,Bijapur,1111354,1797587,61.82
Karnataka,KA-Chamarajanagar,Chamarajanagar,1270658,1686333,75.35
Karnataka,KA-Chikkballapur,Chikkballapur,1386963,1808780,76.68
Karnataka,KA-Chikkodi,Chikkodi,1217549,1612556,75.50
Karnataka,KA-Chitradurga,Chitradurga,1245950,1760633,70.77
Karnataka,KA-Dakshina Kannada,Dakshina Kannada,1345039,1724976,77.97
Karnataka,KA-Davanagere,Davanagere,1194586,1633064,73.15
Karnataka,KA-Dharwad,Dharwad,1213505,1727311,70.25
Karnataka,KA-Gulbarga,Gulbarga,1189361,1945765,61.13
Karnataka,KA-Hassan,Hassan,1277552,1652999,77.29
Karnataka,KA-Haveri,Haveri,1266679,1708510,74.14
Karnataka,KA-Kolar,Kolar,1258551,1629961,77.21
Karnataka,KA-Koppal,Koppal,1190347,1736693,68.54
Karnataka,KA-Mandya,Mandya,1379210,1712004,80.56
Karnataka,KA-Mysore,Mysore,1318041,1896333,69.50
Karnataka,KA-Raichur,Raichur,1124385,1928204,58.31
Karnataka,KA-Shimoga,Shimoga,1283577,1676668,76.56
Karnataka,KA-Tumkur,Tumkur,1244858,1608545,77.39
Karnataka,KA-Udupi Chikmagalur,Udupi Chikmagalur,1151012,1513806,76.03
Karnataka,KA-Uttara Kannada,Uttara Kannada,1153480,1556599,74.10
Kerala,KL-Alappuzha,Alappuzha,1088728,1356701,80.25
Kerala,KL-Alathur ,Alathur ,1018743,1266794,80.42
Kerala,KL-Attingal,Attingal,1004888,1350710,74.40
Kerala,KL-Chalakudy,Chalakudy,990224,1230197,80.49
Kerala,KL-Ernakulam,Ernakulam,967203,1245972,77.63
Kerala,KL-Idukki,Idukki,919297,1204191,76.34
Kerala,KL-Kannur,Kannur,1053842,1266550,83.21
Kerala,KL-Kasaragod,Kasaragod,1100051,1363937,80.65
Kerala,KL-Kollam,Kollam,968123,1296720,74.66
Kerala,KL-Kottayam,Kottayam,910339,1206698,75.44
Kerala,KL-Kozhikode,Kozhikode,1076193,1318024,81.65
Kerala,KL-Malappuram,Malappuram,1034618,1370544,75.49
Kerala,KL-Mavelikkara ,Mavelikkara ,971035,1308102,74.23
Kerala,KL-Palakkad,Palakkad,1028249,1323010,77.72
Kerala,KL-Pathanamthitta,Pathanamthitta,1026553,1382741,74.24
Kerala,KL-Ponnani,Ponnani,1017265,1356803,74.98
Kerala,KL-Thiruvananthapuram,Thiruvananthapuram,1010180,1371427,73.66
Kerala,KL-Thrissur,Thrissur,1041869,1337110,77.92
Kerala,KL-Vadakara,Vadakara,1065619,1288926,82.67
Kerala,KL-Wayanad,Wayanad,1092197,1359679,80.33
Lakshadweep,LD-Lakshadweep,Lakshadweep,47009,55189,85.18
Maharashtra,MH-Ahmadnagar ,Ahmadnagar ,1203797,1861396,64.67
Maharashtra,MH-Akola,Akola,1119440,1865169,60.02
Maharashtra,MH-Amravati ,Amravati ,1112385,1833091,60.68
Maharashtra,MH-Aurangabad,Aurangabad,1198221,1886284,63.52
Maharashtra,MH-Baramati,Baramati,1304728,2114663,61.70
Maharashtra,MH-Beed,Beed,1352399,2045405,66.12
Maharashtra,MH-Bhandara - Gondiya,Bhandara - Gondiya,1244931,1811556,68.72
Maharashtra,MH-Bhiwandi,Bhiwandi,1005172,1890100,53.18
Maharashtra,MH-Buldhana,Buldhana,1120359,1762918,63.55
Maharashtra,MH-Chandrapur,Chandrapur,1238474,1910188,64.84
Maharashtra,MH-Dhule,Dhule,1085038,1908173,56.86
Maharashtra,MH-Dindori ,Dindori ,1137631,1732936,65.65
Maharashtra,MH-Gadchiroli-Chimur,Gadchiroli-Chimur,1142698,1581366,72.26
Maharashtra,MH-Hatkanangle,Hatkanangle,1252211,1776555,70.49
Maharashtra,MH-Hingoli ,Hingoli ,1157516,1733729,66.76
Maharashtra,MH-Jalgaon,Jalgaon,1088277,1931400,56.35
Maharashtra,MH-Jalna,Jalna,1208139,1867220,64.70
Maharashtra,MH-Kalyan,Kalyan,890313,1965676,45.29
Maharashtra,MH-Kolhapur,Kolhapur,1330852,1880496,70.77
Maharashtra,MH-Latur ,Latur ,1176542,1886657,62.36
Maharashtra,MH-Madha,Madha,1216319,1909574,63.70
Maharashtra,MH-Maval,Maval,1368872,2298080,59.57
Maharashtra,MH-Mumbai   South,Mumbai   South,801611,1554176,51.58
Maharashtra,MH-Mumbai North,Mumbai North,989759,1647350,60.08
Maharashtra,MH-Mumbai North Central,Mumbai North Central,901784,1679891,53.68
Maharashtra,MH-Mumbai North East,Mumbai North East,908993,1588693,57.22
Maharashtra,MH-Mumbai North West,Mumbai North West,941497,1732263,54.35
Maharashtra,MH-Mumbai South Central,Mumbai South Central,797250,1440380,55.35
Maharashtra,MH-Nagpur ,Nagpur ,1186051,2161096,54.88
Maharashtra,MH-Nanded,Nanded,1129350,1719322,65.69
Maharashtra,MH-Nandurbar ,Nandurbar ,1281738,1871099,68.50
Maharashtra,MH-Nashik,Nashik,1121232,1885064,59.48
Maharashtra,MH-Osmanabad,Osmanabad,1204730,1889740,63.75
Maharashtra,MH-Palghar ,Palghar ,1201941,1885600,63.74
Maharashtra,MH-Parbhani,Parbhani,1252782,1985228,63.11
Maharashtra,MH-Pune,Pune,1035236,2075824,49.87
Maharashtra,MH-Raigad,Raigad,1025467,1652965,62.04
Maharashtra,MH-Ramtek ,Ramtek ,1196744,1922764,62.24
Maharashtra,MH-Ratnagiri - Sindhudurg,Ratnagiri - Sindhudurg,901102,1455577,61.91
Maharashtra,MH-Raver,Raver,1092971,1775051,61.57
Maharashtra,MH-Sangli,Sangli,1189958,1809109,65.78
Maharashtra,MH-Satara,Satara,1115434,1848489,60.34
Maharashtra,MH-Shirdi,Shirdi,1029362,1587079,64.86
Maharashtra,MH-Shirur,Shirur,1293117,2175529,59.44
Maharashtra,MH-Solapur ,Solapur ,1084514,1851654,58.57
Maharashtra,MH-Thane,Thane,1170518,2370903,49.37
Maharashtra,MH-Wardha,Wardha,1072570,1743283,61.53
Maharashtra,MH-Yavatmal-Washim,Yavatmal-Washim,1174220,1916185,61.28
Meghalaya,ML-Shillong,Shillong,784190,1197806,65.47
Meghalaya,ML-Tura ,Tura ,583041,716990,81.32
Manipur,MN-Inner Manipur,Inner Manipur,759301,937464,81.00
Manipur,MN-Outer Manipur,Outer Manipur,858029,1022099,83.95
Madhya Pradesh,MP-Balaghat,Balaghat,1372018,1767725,77.61
Madhya Pradesh,MP-Betul,Betul,1357857,1737437,78.15
Madhya Pradesh,MP-Bhind,Bhind,960687,1765334,54.42
Madhya Pradesh,MP-Bhopal,Bhopal,1407954,2142861,65.70
Madhya Pradesh,MP-Chhindwara,Chhindwara,1248031,1514783,82.39
Madhya Pradesh,MP-Damoh,Damoh,1164226,1768777,65.82
Madhya Pradesh,MP-Dewas,Dewas,1398946,1760503,79.46
Madhya Pradesh,MP-Dhar,Dhar,1344132,1786151,75.25
Madhya Pradesh,MP-Guna,Guna,1178423,1675724,70.32
Madhya Pradesh,MP-Gwalior,Gwalior,1196096,2000744,59.78
Madhya Pradesh,MP-Hoshangabad,Hoshangabad,1265869,1706141,74.19
Madhya Pradesh,MP-Indore,Indore,1629108,2350580,69.31
Madhya Pradesh,MP-Jabalpur,Jabalpur,1263573,1819893,69.43
Madhya Pradesh,MP-Khajuraho,Khajuraho,1257783,1842095,68.28
Madhya Pradesh,MP-Khandwa,Khandwa,1468138,1909055,76.90
Madhya Pradesh,MP-Khargone,Khargone,1427607,1834385,77.82
Madhya Pradesh,MP-Mandla,Mandla,1517255,1951267,77.76
Madhya Pradesh,MP-Mandsour,Mandsour,1370667,1760875,77.84
Madhya Pradesh,MP-Morena,Morena,1137290,1837723,61.89
Madhya Pradesh,MP-Rajgarh,Rajgarh,1260329,1694329,74.39
Madhya Pradesh,MP-Ratlam,Ratlam,1400509,1851112,75.66
Madhya Pradesh,MP-Rewa,Rewa,1013251,1679534,60.33
Madhya Pradesh,MP-Sagar,Sagar,1037175,1583129,65.51
Madhya Pradesh,MP-Satna,Satna,1113656,1575064,70.71
Madhya Pradesh,MP-Shahdol,Shahdol,1237858,1656474,74.73
Madhya Pradesh,MP-Sidhi,Sidhi,1282705,1845547,69.50
Madhya Pradesh,MP-Tikamgarh,Tikamgarh,1096712,1647399,66.57
Madhya Pradesh,MP-Ujjain,Ujjain,1252511,1661229,75.40
Madhya Pradesh,MP-Vidisha,Vidisha,1250244,1741604,71.79
Mizoram,MZ-Mizoram,Mizoram,499621,792464,63.05
Nagaland,NL-Nagaland,Nagaland,1006357,1213777,82.91
Odisha,OR-Aska,Aska,1013862,1541145,65.79
Odisha,OR-Balasore,Balasore,1157871,1531781,75.59
Odisha,OR-Bargarh,Bargarh,1247912,1596290,78.18
Odisha,OR-Berhampur,Berhampur,989910,1502455,65.89
Odisha,OR-Bhadrak ,Bhadrak ,1225156,1661661,73.73
Odisha,OR-Bhubaneswar,Bhubaneswar,1005215,1699678,59.14
Odisha,OR-Bolangir,Bolangir,1306705,1744446,74.91
Odisha,OR-Cuttack,Cuttack,1059490,1518996,69.75
Odisha,OR-Dhenkanal,Dhenkanal,1131522,1504403,75.21
Odisha,OR-Jagatsinghpur ,Jagatsinghpur ,1229190,1643595,74.79
Odisha,OR-Jajpur ,Jajpur ,1092084,1475007,74.04
Odisha,OR-Kalahandi,Kalahandi,1228292,1611056,76.24
Odisha,OR-Kandhamal,Kandhamal,941985,1288666,73.10
Odisha,OR-Kendrapara ,Kendrapara ,1238214,1710916,72.37
Odisha,OR-Keonjhar ,Keonjhar ,1176292,1516688,77.56
Odisha,OR-Koraput ,Koraput ,1080161,1434384,75.30
Odisha,OR-Mayurbhanj ,Mayurbhanj ,1150357,1493205,77.04
Odisha,OR-Nabarangpur ,Nabarangpur ,1159700,1461004,79.38
Odisha,OR-Puri,Puri,1135620,1562331,72.69
Odisha,OR-Sambalpur,Sambalpur,1124455,1468530,76.57
Odisha,OR-Sundargarh ,Sundargarh ,1100129,1531525,71.83
Punjab,PB-Amritsar,Amritsar,859513,1507875,57.00
Punjab,PB-Anandpur Sahib,Anandpur Sahib,1081727,1698876,63.67
Punjab,PB-Bathinda,Bathinda,1200810,1621671,74.05
Punjab,PB-Faridkot,Faridkot,974947,1541971,63.23
Punjab,PB-Fatehgarh Sahib,Fatehgarh Sahib,985948,1502861,65.60
Punjab,PB-Firozpur,Firozpur,1172033,1618419,72.42
Punjab,PB-Gurdaspur,Gurdaspur,1103887,1595284,69.20
Punjab,PB-Hoshiarpur,Hoshiarpur,990791,1597500,62.02
Punjab,PB-Jalandhar,Jalandhar,1018998,1617018,63.02
Punjab,PB-Khadoor Sahib,Khadoor Sahib,1046032,1638842,63.83
Punjab,PB-Ludhiana,Ludhiana,1046955,1683325,62.20
Punjab,PB-Patiala,Patiala,1177903,1739600,67.71
Punjab,PB-Sangrur,Sangrur,1105888,1529431,72.31
Puducherry,PY-Puducherry,Puducherry,790760,973410,81.24
Rajasthan,RJ-Ajmer,Ajmer,1262214,1876346,67.27
Rajasthan,RJ-Alwar,Alwar,1265674,1888524,67.02
Rajasthan,RJ-Banswara,Banswara,1439671,1975368,72.88
Rajasthan,RJ-Barmer,Barmer,1422271,1941231,73.27
Rajasthan,RJ-Bharatpur,Bharatpur,1146797,1943794,59.00
Rajasthan,RJ-Bhilwara,Bhilwara,1310513,1997328,65.61
Rajasthan,RJ-Bikaner (Sc),Bikaner (Sc),1099598,1851628,59.39
Rajasthan,RJ-Chittorgarh,Chittorgarh,1458760,2015911,72.36
Rajasthan,RJ-Churu,Churu,1328422,2019104,65.79
Rajasthan,RJ-Dausa,Dausa,1062834,1730289,61.43
Rajasthan,RJ-Ganganagar,Ganganagar,1451765,1943486,74.70
Rajasthan,RJ-Jaipur,Jaipur,1456404,2127021,68.47
Rajasthan,RJ-Jaipur Rural,Jaipur Rural,1276693,1952542,65.39
Rajasthan,RJ-Jalore,Jalore,1361619,2071244,65.74
Rajasthan,RJ-Jhalawar-Baran,Jhalawar-Baran,1369868,1903870,71.95
Rajasthan,RJ-Jhunjhunu,Jhunjhunu,1198927,1937882,61.87
Rajasthan,RJ-Jodhpur,Jodhpur,1346243,1956755,68.80
Rajasthan,RJ-Karauli-Dholpur,Karauli-Dholpur,998044,1810574,55.12
Rajasthan,RJ-Kota,Kota,1367034,1948010,70.18
Rajasthan,RJ-Nagaur,Nagaur,1203124,1933169,62.24
Rajasthan,RJ-Pali,Pali,1359799,2161663,62.91
Rajasthan,RJ-Rajsamand,Rajsamand,1239845,1912911,64.81
Rajasthan,RJ-Sikar,Sikar,1326969,2041612,65.00
Rajasthan,RJ-Tonk-Sawai Madhopur,Tonk-Sawai Madhopur,1233458,1945992,63.38
Rajasthan,RJ-Udaipur,Udaipur,1454518,2069559,70.28
Sikkim,SK-Sikkim,Sikkim,351746,434128,81.02
Telangana,TG-Adilabad ,Adilabad ,1063730,1489790,71.40
Telangana,TG-Bhongir ,Bhongir ,1212631,1628033,74.48
Telangana,TG-Chelvella,Chelvella,1300194,2443112,53.22
Telangana,TG-Hyderabad,Hyderabad,877872,1957931,44.84
Telangana,TG-Karimnagar ,Karimnagar ,1147697,1651543,69.49
Telangana,TG-Khammam ,Khammam ,1139831,1513809,75.30
Telangana,TG-Mahabubabad  ,Mahabubabad  ,983535,1424385,69.05
Telangana,TG-Mahbubnagar,Mahbubnagar,984634,1506102,65.38
Telangana,TG-Malkajgiri,Malkajgiri,1563063,3150313,49.62
Telangana,TG-Medak,Medak,1150223,1603318,71.74
Telangana,TG-Nagarkurnool,Nagarkurnool,989847,1588111,62.33
Telangana,TG-Nalgonda,Nalgonda,1175703,1585980,74.13
Telangana,TG-Nizamabad,Nizamabad,1062768,1553385,68.42
Telangana,TG-Peddapalle ,Peddapalle ,970051,1479091,65.58
Telangana,TG-Secundrabad,Secundrabad,915106,1968276,46.49
Telangana,TG-Warangal,Warangal,1061645,1666770,63.69
Telangana,TG-Zahirabad,Zahirabad,1044365,1498666,69.69
Tamil Nadu,TN-Arakkonam,Arakkonam,1178060,1500016,78.54
Tamil Nadu,TN-Arani,Arani,1143907,1449150,78.94
Tamil Nadu,TN-Chennai Central,Chennai Central,785450,1332300,58.95
Tamil Nadu,TN-Chennai North,Chennai North,955545,1487681,64.23
Tamil Nadu,TN-Chennai South,Chennai South,1125857,1973533,57.05
Tamil Nadu,TN-Chidambaram ,Chidambaram ,1153192,1480222,77.91
Tamil Nadu,TN-Coimbatore,Coimbatore,1250885,1958904,63.86
Tamil Nadu,TN-Cuddalore ,Cuddalore ,1043202,1364038,76.48
Tamil Nadu,TN-Dharmapuri,Dharmapuri,1223205,1485804,82.33
Tamil Nadu,TN-Dindigul,Dindigul,1160046,1541881,75.24
Tamil Nadu,TN-Erode,Erode,1067863,1462246,73.03
Tamil Nadu,TN-Kallakurichi,Kallakurichi,1204375,1528938,78.77
Tamil Nadu,TN-Kancheepuram ,Kancheepuram ,1237612,1643992,75.28
Tamil Nadu,TN-Kanniyakumari,Kanniyakumari,1048377,1501250,69.83
Tamil Nadu,TN-Karur,Karur,1103165,1387286,79.52
Tamil Nadu,TN-Krishnagiri,Krishnagiri,1161369,1530404,75.89
Tamil Nadu,TN-Madurai,Madurai,1016026,1539026,66.02
Tamil Nadu,TN-Mayiladuthurai,Mayiladuthurai,1097243,1484842,73.90
Tamil Nadu,TN-Nagapattinam ,Nagapattinam ,1002208,1303649,76.88
Tamil Nadu,TN-Namakkal,Namakkal,1133774,1413599,80.20
Tamil Nadu,TN-Nilgiris ,Nilgiris ,1010719,1366060,73.99
Tamil Nadu,TN-Perambalur,Perambalur,1102767,1391853,79.23
Tamil Nadu,TN-Pollachi,Pollachi,1081875,1520504,71.15
Tamil Nadu,TN-Ramanathapuram,Ramanathapuram,1066146,1559740,68.35
Tamil Nadu,TN-Salem,Salem,1255459,1612512,77.86
Tamil Nadu,TN-Sivaganga,Sivaganga,1084468,1552019,69.87
Tamil Nadu,TN-Sriperumbudur,Sriperumbudur,1406782,2253448,62.43
Tamil Nadu,TN-Tenkasi ,Tenkasi ,1065088,1492317,71.37
Tamil Nadu,TN-Thanjavur,Thanjavur,1059223,1461052,72.50
Tamil Nadu,TN-Theni ,Theni ,1173489,1561040,75.17
Tamil Nadu,TN-Thiruvallur ,Thiruvallur ,1408189,1946870,72.33
Tamil Nadu,TN-Thoothukkudi,Thoothukkudi,991263,1427783,69.43
Tamil Nadu,TN-Tiruchirappalli,Tiruchirappalli,1048062,1508963,69.46
Tamil Nadu,TN-Tirunelveli,Tirunelveli,1040350,1547800,67.21
Tamil Nadu,TN-Tiruppur,Tiruppur,1119584,1530014,73.17
Tamil Nadu,TN-Tiruvannamalai,Tiruvannamalai,1151729,1473862,78.14
Tamil Nadu,TN-Vellore,Vellore,1026055,1438643,71.32
Tamil Nadu,TN-Viluppuram,Viluppuram,1135540,1444335,78.62
Tamil Nadu,TN-Virudhunagar,Virudhunagar,1074735,1484256,72.41
Tripura,TR-Tripura East,Tripura East,1045417,1261861,82.85
Tripura,TR-Tripura West,Tripura West,1107755,1352857,81.88
Uttar Pradesh,UP-Agra,Agra,1145323,1937690,59.11
Uttar Pradesh,UP-Akbarpur,Akbarpur,1025314,1766121,58.05
Uttar Pradesh,UP-Aligarh,Aligarh,1163184,1887127,61.64
Uttar Pradesh,UP-Allahabad,Allahabad,889056,1716160,51.80
Uttar Pradesh,UP-Ambedkar Nagar,Ambedkar Nagar,1090152,1785657,61.05
Uttar Pradesh,UP-Amethi,Amethi,942453,1743515,54.05
Uttar Pradesh,UP-Amroha,Amroha,1169182,1646435,71.01
Uttar Pradesh,UP-Aonla,Aonla,1052795,1785605,58.96
Uttar Pradesh,UP-Azamgarh,Azamgarh,1029112,1789168,57.52
Uttar Pradesh,UP-Badaun,Badaun,1081111,1891576,57.15
Uttar Pradesh,UP-Baghpat,Baghpat,1044894,1616476,64.64
Uttar Pradesh,UP-Bahraich,Bahraich,989848,1729908,57.22
Uttar Pradesh,UP-Ballia,Ballia,989732,1822625,54.30
Uttar Pradesh,UP-Banda,Banda,1034549,1702024,60.78
Uttar Pradesh,UP-Bansgaon,Bansgaon,969136,1751258,55.34
Uttar Pradesh,UP-Barabanki,Barabanki,1155341,1816830,63.59
Uttar Pradesh,UP-Bareilly,Bareilly,1068342,1797655,59.43
Uttar Pradesh,UP-Basti,Basti,1054539,1845223,57.15
Uttar Pradesh,UP-Bhadohi,Bhadohi,1039390,1942514,53.51
Uttar Pradesh,UP-Bijnor,Bijnor,1100763,1664125,66.15
Uttar Pradesh,UP-Bulandshahr,Bulandshahr,1123629,1787925,62.85
Uttar Pradesh,UP-Chandauli,Chandauli,1084961,1756837,61.76
Uttar Pradesh,UP-Deoria,Deoria,1015363,1754195,57.88
Uttar Pradesh,UP-Dhaurahra,Dhaurahra,1063840,1644674,64.68
Uttar Pradesh,UP-Domariyaganj,Domariyaganj,985269,1885433,52.26
Uttar Pradesh,UP-Etah,Etah,999607,1621295,61.65
Uttar Pradesh,UP-Etawah,Etawah,1027815,1757984,58.47
Uttar Pradesh,UP-Faizabad,Faizabad,1087121,1821785,59.67
Uttar Pradesh,UP-Farrukhabad,Farrukhabad,1002953,1708585,58.70
Uttar Pradesh,UP-Fatehpur,Fatehpur,1043655,1839312,56.74
Uttar Pradesh,UP-Fatehpur Sikri,Fatehpur Sikri,1037151,1718837,60.34
Uttar Pradesh,UP-Firozabad,Firozabad,1075866,1790510,60.09
Uttar Pradesh,UP-Gautam Buddha Nagar,Gautam Buddha Nagar,1392952,2302960,60.49
Uttar Pradesh,UP-Ghaziabad,Ghaziabad,1524456,2728978,55.86
Uttar Pradesh,UP-Ghazipur,Ghazipur,1105627,1881077,58.78
Uttar Pradesh,UP-Ghosi,Ghosi,1140781,1991651,57.28
Uttar Pradesh,UP-Gonda,Gonda,923816,1770248,52.19
Uttar Pradesh,UP-Gorakhpur,Gorakhpur,1184635,1981197,59.79
Uttar Pradesh,UP-Hamirpur,Hamirpur,1089778,1749100,62.31
Uttar Pradesh,UP-Hardoi,Hardoi,1057558,1807119,58.52
Uttar Pradesh,UP-Hathras,Hathras,1150294,1864320,61.70
Uttar Pradesh,UP-Jalaun,Jalaun,1129955,1933358,58.45
Uttar Pradesh,UP-Jaunpur,Jaunpur,1040652,1867976,55.71
Uttar Pradesh,UP-Jhansi,Jhansi,1380890,2040739,67.67
Uttar Pradesh,UP-Kairana,Kairana,1124047,1666703,67.44
Uttar Pradesh,UP-Kaiserganj,Kaiserganj,981400,1805946,54.34
Uttar Pradesh,UP-Kannauj,Kannauj,1140496,1874824,60.83
Uttar Pradesh,UP-Kanpur,Kanpur,842994,1632983,51.62
Uttar Pradesh,UP-Kaushambi,Kaushambi,974438,1787120,54.53
Uttar Pradesh,UP-Kheri,Kheri,1136660,1770699,64.19
Uttar Pradesh,UP-Kushi Nagar,Kushi Nagar,1053117,1761564,59.78
Uttar Pradesh,UP-Lalganj,Lalganj,960568,1751980,54.83
Uttar Pradesh,UP-Lucknow,Lucknow,1116445,2040367,54.72
Uttar Pradesh,UP-Machhlishahr,Machhlishahr,1034925,1848306,55.99
Uttar Pradesh,UP-Maharajganj,Maharajganj,1226916,1915408,64.06
Uttar Pradesh,UP-Mainpuri,Mainpuri,976518,1723236,56.67
Uttar Pradesh,UP-Mathura,Mathura,1102731,1807893,61.00
Uttar Pradesh,UP-Meerut,Meerut,1216413,1892931,64.26
Uttar Pradesh,UP-Mirzapur,Mirzapur,1108965,1845150,60.10
Uttar Pradesh,UP-Misrikh,Misrikh,1026668,1796932,57.13
Uttar Pradesh,UP-Mohanlalganj,Mohanlalganj,1269594,2023431,62.74
Uttar Pradesh,UP-Moradabad,Moradabad,1282206,1958939,65.45
Uttar Pradesh,UP-Muzaffarnagar,Muzaffarnagar,1160071,1698003,68.32
Uttar Pradesh,UP-Nagina,Nagina,1009456,1586117,63.64
Uttar Pradesh,UP-Phulpur,Phulpur,978236,2010477,48.66
Uttar Pradesh,UP-Pilibhit,Pilibhit,1186589,1761207,67.37
Uttar Pradesh,UP-Pratapgarh,Pratapgarh,914665,1708759,53.53
Uttar Pradesh,UP-Rae Bareli,Rae Bareli,958556,1702248,56.31
Uttar Pradesh,UP-Rampur,Rampur,1060921,1679506,63.17
Uttar Pradesh,UP-Robertsganj,Robertsganj,988287,1723538,57.34
Uttar Pradesh,UP-Saharanpur,Saharanpur,1231746,1739082,70.83
Uttar Pradesh,UP-Salempur,Salempur,922518,1667282,55.33
Uttar Pradesh,UP-Sambhal,Sambhal,1183469,1828764,64.71
Uttar Pradesh,UP-Sant Kabir Nagar,Sant Kabir Nagar,1063390,1962903,54.17
Uttar Pradesh,UP-Shahjahanpur,Shahjahanpur,1186157,2114201,56.10
Uttar Pradesh,UP-Shrawasti,Shrawasti,997007,1914739,52.07
Uttar Pradesh,UP-Sitapur,Sitapur,1064521,1666126,63.89
Uttar Pradesh,UP-Sultanpur,Sultanpur,1000316,1775196,56.35
Uttar Pradesh,UP-Unnao,Unnao,1237076,2191465,56.45
Uttar Pradesh,UP-Varanasi,Varanasi,1060476,1856791,57.11
Uttarakhand,UT-Almora,Almora,694472,1337808,51.91
Uttarakhand,UT-Garhwal,Garhwal,742784,1355796,54.79
Uttarakhand,UT-Hardwar,Hardwar,1271030,1840738,69.05
Uttarakhand,UT-Nainital-Udhamsingh Nagar,Nainital-Udhamsingh Nagar,1258570,1828433,68.83
Uttarakhand,UT-Tehri Garhwal,Tehri Garhwal,876069,1493543,58.66
West Bengal,WB-Alipurduars,Alipurduars,1380217,1648383,83.73
West Bengal,WB-Arambagh,Arambagh,1471981,1764726,83.41
West Bengal,WB-Asansol,Asansol,1238135,1615865,76.62
West Bengal,WB-Baharampur,Baharampur,1299997,1638378,79.35
West Bengal,WB-Balurghat,Balurghat,1197849,1431704,83.67
West Bengal,WB-Bangaon,Bangaon,1407758,1704632,82.58
West Bengal,WB-Bankura,Bankura,1371855,1648906,83.20
West Bengal,WB-Barasat,Barasat,1395429,1718252,81.21
West Bengal,WB-Bardhaman Durgapur,Bardhaman Durgapur,1433007,1733578,82.66
West Bengal,WB-Bardhaman Purba,Bardhaman Purba,1439286,1698089,84.76
West Bengal,WB-Barrackpore,Barrackpore,1104517,1436431,76.89
West Bengal,WB-Basirhat,Basirhat,1433339,1678357,85.40
West Bengal,WB-Birbhum,Birbhum,1449423,1699219,85.30
West Bengal,WB-Bishnupur,Bishnupur,1420648,1627199,87.31
West Bengal,WB-Bolpur,Bolpur,1461269,1705073,85.70
West Bengal,WB-Cooch Behar,Cooch Behar,1524683,1814200,84.04
West Bengal,WB-Darjeeling,Darjeeling,1267270,1611317,78.65
West Bengal,WB-Diamond Harbour,Diamond Harbour,1409002,1719190,81.96
West Bengal,WB-Dum Dum,Dum Dum,1204660,1566196,76.92
West Bengal,WB-Ghatal,Ghatal,1488818,1800002,82.71
West Bengal,WB-Hooghly,Hooghly,1457842,1766601,82.52
West Bengal,WB-Howrah,Howrah,1222293,1633925,74.81
West Bengal,WB-Jadavpur,Jadavpur,1436894,1816857,79.09
West Bengal,WB-Jalpaiguri,Jalpaiguri,1500922,1735464,86.49
West Bengal,WB-Jangipur,Jangipur,1304504,1616213,80.71
West Bengal,WB-Jhargram,Jhargram,1406214,1641868,85.65
West Bengal,WB-Joynagar,Joynagar,1356102,1648355,82.27
West Bengal,WB-Kanthi,Kanthi,1424247,1660147,85.79
West Bengal,WB-Kolkata Dakshin,Kolkata Dakshin,1206645,1728851,69.79
West Bengal,WB-Kolkata Uttar,Kolkata Uttar,950613,1444082,65.83
West Bengal,WB-Krishnanagar,Krishnanagar,1366443,1631698,83.74
West Bengal,WB-Maldaha Dakshin,Maldaha Dakshin,1279202,1575590,81.19
West Bengal,WB-Maldaha Uttar,Maldaha Uttar,1354706,1685955,80.35
West Bengal,WB-Mathurapur,Mathurapur,1401953,1652096,84.86
West Bengal,WB-Medinipur,Medinipur,1409815,1674236,84.21
West Bengal,WB-Murshidabad,Murshidabad,1453755,1725187,84.27
West Bengal,WB-Purulia,Purulia,1355236,1645884,82.34
West Bengal,WB-Raiganj,Raiganj,1277109,1601220,79.76
West Bengal,WB-Ranaghat,Ranaghat,1484035,1762252,84.21
West Bengal,WB-Srerampur,Srerampur,1401705,1785472,78.51
West Bengal,WB-Tamluk,Tamluk,1446499,1694646,85.36
West Bengal,WB-Uluberia,Uluberia,1311099,1614988,81.18
